system,bibkey,generation,sharing_scope,consistency_model,placement_tier,transport_substrate,compression_fidelity,headline_metric
PagedAttention/vLLM,vllm23,Within-engine KV management & prefix reuse (Generation 1),RL (+CR via prefix cache),immutable; block-paged,GPU HBM,intra-GPU,none,2–4× throughput vs. FasterTransformer/Orca
SGLang RadixAttention,sglang23,Within-engine KV management & prefix reuse (Generation 1),CR (within server),immutable; radix-tree prefix,GPU HBM,intra-GPU,none,up to 6.4× throughput vs. vLLM on shared-prefix workloads
Orca,orca22,Within-engine KV management & prefix reuse (Generation 1),RL,n/a (request-local),GPU HBM,intra-GPU,none,36.9× throughput at same latency vs. FasterTransformer (iteration-level batching)
FlashAttention,flashattention22,Within-engine KV management & prefix reuse (Generation 1),RL,n/a (request-local),GPU SRAM/HBM,intra-GPU,none,"2–4× attention speedup, exact, IO-aware"
FlashAttention-2,flashattention2-23,Within-engine KV management & prefix reuse (Generation 1),RL,n/a (request-local),GPU SRAM/HBM,intra-GPU,none,~2× over FlashAttention; 50–73% of peak FLOPs
vAttention,vattention24,Within-engine KV management & prefix reuse (Generation 1),RL,immutable,GPU HBM (virtual-contiguous),intra-GPU,none,up to 1.23× throughput; no PagedAttention kernel rewrite
Hydragen,hydragen24,Within-engine KV management & prefix reuse (Generation 1),CR (shared prefix batch),immutable,GPU HBM,intra-GPU,none,up to 32× throughput on large shared-prefix batches
ChunkAttention,chunkattention24,Within-engine KV management & prefix reuse (Generation 1),CR,immutable; prefix-aware chunks,GPU HBM,intra-GPU,none,3.2–4.8× self-attention kernel speedup
Prompt Cache,promptcache24,Within-engine KV management & prefix reuse (Generation 1),CR (schema modules),immutable; schema-defined,GPU HBM + host DRAM,PCIe,none,"up to 8× TTFT reduction (GPU), 60× (CPU)"
Preble,preble24,Within-engine KV management & prefix reuse (Generation 1),CR (distributed prompts),immutable; cache-aware sched,GPU HBM (multi-GPU),RDMA,none,1.5–14.5× avg latency reduction vs. SGLang/vLLM
CachedAttention,cachedattention24,Within-engine KV management & prefix reuse (Generation 1),CR (multi-turn),session,GPU HBM + DRAM + SSD,PCIe,none,"up to 87% TTFT cut, 70% cost cut (multi-turn)"
Pensieve,pensieve23,Within-engine KV management & prefix reuse (Generation 1),CR (multi-turn),session,GPU HBM + host DRAM,PCIe,none,1.14–3.0× throughput vs. vLLM/TensorRT-LLM
RAGCache,ragcache24,Within-engine KV management & prefix reuse (Generation 1),CR (RAG knowledge),immutable; knowledge tree,GPU HBM + host DRAM,PCIe,none,"up to 4× TTFT reduction, 2.1× throughput for RAG"
DistServe,distserve24,Disaggregated / P-D-disaggregated serving & KV transfer (Generation 1.5),CR (P↔D nodes),strong (handoff),GPU HBM (P and D pools),RDMA,none,up to 7.4× goodput / 12.6× tighter SLO
Splitwise,splitwise23,Disaggregated / P-D-disaggregated serving & KV transfer (Generation 1.5),CR (P↔D pools),strong (handoff),GPU HBM,InfiniBand,none,1.4× throughput at 20% lower cost; 2.35× at same cost
Mooncake,mooncake24,Disaggregated / P-D-disaggregated serving & KV transfer (Generation 1.5),CR + CT (KVCache pool),immutable; CA pool,GPU HBM + DRAM + SSD,RDMA,none,up to 525% throughput gain; meets SLOs under overload
MemServe,memserve24,Disaggregated / P-D-disaggregated serving & KV transfer (Generation 1.5),CR + CM (elastic pool),immutable; locality-aware,GPU HBM + host DRAM pool,RDMA,none,builds MemPool; locality-aware global scheduler
Sarathi-Serve,sarathiserve24,Disaggregated / P-D-disaggregated serving & KV transfer (Generation 1.5),RL,n/a (request-local),GPU HBM,intra-GPU,none,up to 5.6× serving capacity at SLO (chunked prefill)
LoongServe,loongserve24,Disaggregated / P-D-disaggregated serving & KV transfer (Generation 1.5),CR (elastic seq parallel),strong (ESP migration),GPU HBM (multi-node),NVLink/RDMA,none,up to 3.85× throughput vs. chunked prefill
Microserving,microserving24,Disaggregated / P-D-disaggregated serving & KV transfer (Generation 1.5),CR (sub-request KV APIs),strong (programmable),GPU HBM,RDMA,none,fine-grained KV-reuse APIs; dynamic reconfiguration
DéjàVu,dejavu24,Disaggregated / P-D-disaggregated serving & KV transfer (Generation 1.5),CR (fault tolerance),strong (replicated stream),GPU HBM + DRAM,RDMA,none,KV streaming masks P/D and failure stalls
ServerlessLLM,serverlessllm24,Disaggregated / P-D-disaggregated serving & KV transfer (Generation 1.5),CR (checkpoint locality),n/a (reload),GPU HBM + DRAM + SSD,PCIe/network,none,10–200× lower cold-start latency
FlowKV,flowkv25,Disaggregated / P-D-disaggregated serving & KV transfer (Generation 1.5),CR (P↔D transfer),strong (handoff),GPU HBM,RDMA,none,96% KV transfer-latency cut (0.944s→0.053s)
FastDecode,fastdecode24,Disaggregated / P-D-disaggregated serving & KV transfer (Generation 1.5),RL (attention offload),n/a (request-local),host DRAM (KV on CPU),PCIe,none,up to 1.88–5.9× throughput via CPU attention
Pie,pie24,Disaggregated / P-D-disaggregated serving & KV transfer (Generation 1.5),CR (CPU pooling),immutable; perf-transparent swap,GPU HBM + host DRAM,PCIe,none,expands usable memory w/ no latency penalty
CacheGen,cachegen23,KV compression / sparsity / quantization (compression-fidelity axis),CR (network streaming),immutable,DRAM/SSD → GPU,network/PCIe,lossy (custom codec),3.2–4.3× smaller KV; 3.1–4.7× lower TTFT
CacheBlend,cacheblend24,KV compression / sparsity / quantization (compression-fidelity axis),"CR (RAG, non-prefix reuse)",immutable + selective recompute,GPU HBM + DRAM,PCIe,lossy (partial recompute),"2.2–3.3× TTFT cut for RAG, quality preserved"
H2O,h2o23,KV compression / sparsity / quantization (compression-fidelity axis),RL,lossy (evict non-heavy-hitters),GPU HBM,intra-GPU,lossy,up to 29× throughput; 5–10× smaller cache
Scissorhands,scissorhands23,KV compression / sparsity / quantization (compression-fidelity axis),RL,lossy (importance persistence),GPU HBM,intra-GPU,lossy,"5× KV compression, near-lossless"
StreamingLLM,streamingllm23,KV compression / sparsity / quantization (compression-fidelity axis),RL,lossy (attention-sink window),GPU HBM,intra-GPU,lossy,up to 22.2× speedup; 4M-token streaming
Quest,quest24,KV compression / sparsity / quantization (compression-fidelity axis),RL,lossy (query-aware page select),GPU HBM,intra-GPU,lossy,2.23× self-attn / 7.03× latency reduction
SnapKV,snapkv24,KV compression / sparsity / quantization (compression-fidelity axis),RL,lossy (prompt-time selection),GPU HBM,intra-GPU,lossy,"3.6× gen speed, 8.2× memory cut"
PyramidKV,pyramidkv24,KV compression / sparsity / quantization (compression-fidelity axis),RL,lossy (layer-wise budget),GPU HBM,intra-GPU,lossy,12% of KV retains ~full accuracy
PyramidInfer,pyramidinfer24,KV compression / sparsity / quantization (compression-fidelity axis),RL,lossy (pyramidal retention),GPU HBM,intra-GPU,lossy,"2.2× throughput, >54% KV memory cut"
KIVI,kivi24,KV compression / sparsity / quantization (compression-fidelity axis),RL,lossy (2-bit quant),GPU HBM,intra-GPU,lossy (2-bit),"2.6× less memory, up to 3.47× throughput"
KVQuant,kvquant24,KV compression / sparsity / quantization (compression-fidelity axis),RL,lossy (sub-4-bit quant),GPU HBM,intra-GPU,lossy (<4-bit),10M-token context; <0.1 perplexity loss
MiniCache,minicache24,KV compression / sparsity / quantization (compression-fidelity axis),RL,lossy (cross-layer merge),GPU HBM,intra-GPU,lossy,"up to 5.02× compression w/ 4-bit, near-lossless"
InfiniGen,infinigen24,KV compression / sparsity / quantization (compression-fidelity axis),RL,lossy (speculative KV prefetch),GPU HBM + host DRAM,PCIe,lossy,up to 3× throughput for long context
DroidSpeak,droidspeak24,Cross-model / cross-context / semantic KV sharing (Generation 2),CM (cross-LLM),immutable + selective recompute,GPU HBM + DRAM,RDMA/PCIe,lossy (E-cache recompute),up to 3× prefill speedup across fine-tuned LLMs
SemShareKV,semsharekv25,Cross-model / cross-context / semantic KV sharing (Generation 2),CR (semantically similar),lossy (fuzzy LSH match + RoPE),GPU HBM + DRAM,PCIe,lossy,"up to 6.25× speedup, 42% GPU memory cut"
KVCOMM,kvcomm25,Cross-model / cross-context / semantic KV sharing (Generation 2),CM/CT (multi-agent contexts),eventual (anchor-offset estimate),GPU HBM,RDMA,lossy (offset alignment),>70% reuse; up to 7.8× prefill speedup (5 agents)
KVFlow,kvflow25,Cross-model / cross-context / semantic KV sharing (Generation 2),CR/CT (agent workflows),immutable; agent-step-graph TTL,GPU HBM + DRAM,PCIe,none,workflow-aware prefetch; outperforms LRU prefix cache
Continuum,continuum25,2025–2026 KV-sharing-as-service point solutions (the brief's 14 systems),CR/CT (multi-turn agents),session; TTL retention,GPU HBM + DRAM,PCIe,none,>8× lower job completion time (TTL vs. evict)
PBKV,pbkv26,2025–2026 KV-sharing-as-service point solutions (the brief's 14 systems),CR/CT (agent workflows),session; prediction-based,GPU HBM + DRAM + SSD,PCIe,none,90%+ cache hit on agent contexts
DualPath,dualpath26,2025–2026 KV-sharing-as-service point solutions (the brief's 14 systems),CR (agentic multi-turn),immutable; bandwidth-aware,GPU HBM + DRAM + SSD,PCIe/RDMA,none,>95% hit; storage-I/O-bound regime targeted
ICaRus,icarus26,2025–2026 KV-sharing-as-service point solutions (the brief's 14 systems),"CM (identical cache, multi-model)",immutable; identical-reuse,GPU HBM + DRAM,RDMA,none,"11.1× lower P95 latency, 3.8× throughput"
PrefillShare,prefillshare26,2025–2026 KV-sharing-as-service point solutions (the brief's 14 systems),CM (shared prefill module),immutable,GPU HBM,RDMA,none,shared frozen-encoder KV across decoder variants
TokenDance,tokendance26,2025–2026 KV-sharing-as-service point solutions (the brief's 14 systems),CT (multi-agent collective),eventual; diff-aware deltas,GPU HBM + DRAM,RDMA,lossy (sparse deltas),2.7× more concurrent agents
PolyKV,polykv26,2025–2026 KV-sharing-as-service point solutions (the brief's 14 systems),CT (multi-agent pool),eventual; asymmetric compress,GPU HBM + DRAM pool,RDMA,lossy,97.7% memory reduction (15 concurrent agents)
ForkKV,forkkv26,2025–2026 KV-sharing-as-service point solutions (the brief's 14 systems),"CM (multi-LoRA, COW)",COW (copy-on-write fork),GPU HBM + DRAM,RDMA,none,scales multi-LoRA agent serving via COW
KVDrive,kvdrive26,2025–2026 KV-sharing-as-service point solutions (the brief's 14 systems),CR (multi-tier),immutable; tier-orchestrated,GPU HBM + DRAM + SSD,PCIe/RDMA,none,"holistic GPU/DRAM/SSD placement, long-context"
TraCT,tract25,2025–2026 KV-sharing-as-service point solutions (the brief's 14 systems),CT (rack-scale shared mem),strong/eventual (CXL coherent),CXL shared memory (rack),CXL,none,6.2× lower P99 latency at rack scale
Prefill-as-a-Service,prfaas26,2025–2026 KV-sharing-as-service point solutions (the brief's 14 systems),CDC (cross-datacenter),eventual; WAN reuse,remote DRAM + WAN,WAN-TCP/RDMA,(optional),cross-DC KVCache reuse for next-gen models
InstCache,instcache24,Reference points: predictive / instruction-level caching,CR (predicted instructions),immutable; predictive,host DRAM,n/a,none,2.3× higher hit rate; up to 50% TPOT cut
